,trips,total_complaints,mean_temp_c,total_snow_cm
trips,0.0,1.4926916644068568e-11,3.3902312502669836e-51,8.415082772822708e-08
total_complaints,1.4926916644068568e-11,0.0,2.6631279749281525e-07,0.30352191738708
mean_temp_c,3.3902312502669836e-51,2.6631279749281525e-07,0.0,0.1195146433025718
total_snow_cm,8.415082772822708e-08,0.30352191738708,0.1195146433025718,0.0
